{
   "GlobalLogonDisable": "n",
    "webSvcServer": "dev",
    "webSvcServerLink": "http://pedbleapist.test.att.com/",
    "GLAppIndexUrl": "http://pedbleapist.test.att.com/PED_ESP/src/main/webapp/index.html#/home",
    "GlobalLogonUrl": "https://www.e-access.att.com/empsvcs/hrpinmgt/pagLogin", 
    "BuildDetect":"DEV",
     "CinattuidConfig": ["mm112f:mm112f"],
     "searchByCountry":"pedespws/restservice/searchByCountry/",
     "ESPfileUploadSrvc":"http://zlt12051.vci.att.com:8130/pedespws/restservice/espFileUploadSvc/",
      "updateReportDetail":"pedespws/restservice/updateReportDetails/",
      "dropDownValues":"pedespws/restservice/dropDownVals/",
     "searchByNetwork":"pedespws/restservice/searchByNetwork/",
     "searchByTxnDetails":"pedespws/restservice/searchByTxnDetails/",
     "searchByTransaction":"pedespws/restservice/searchByTransaction/",
      "userRoleSvc":"pedespws/restservice/getUserRoleActionSecure/",
      "searchByProductDetail":"pedespws/restservice/searchESPProductDetails/",
	  "viewSupport":"pedespws/restservice/getViewSupportDetails/",
  "searchByProduct":"pedespws/restservice/searchByProduct/",
	"addSupportDetails":"pedespws/restservice/addSupportDetails/",
      "updateSupportDetails" : "pedespws/restservice/updateSupportDetails/",
	  "deleteSupportDetails" : "pedespws/restservice/deleteSupportDetails/",
      "fetchSupportDetails" : "pedespws/restservice/getSupportDetails/",
	  "fetchConfigProperties" : "pedespws/restservice/espproperty/",
      "updateConfigProperties" : "pedespws/restservice/updateEspProperty/",
      "deleteConfigProperties" : "pedespws/restservice/deleteEspProperty/",
      "addConfigProperties" : "pedespws/restservice/addEspProperty/"	  

 }
